{"1": {"Random Forest": 0.881280327262441, "Decision Tree": 0.8755358269686881, "Pruning Decision Tree": 0.896773070478926, "Logistic Regression": 0.8981874360815545, "Support Vector Machine": 0.896773070478926, "K Nearest Neighbours": 0.8769066736296973, "Gaussina Naive Bayes": 0.8342363513719346, "XGBoost Classifier": 0.8983832713188415}, "2": {"Random Forest": 0.884824614848986, "Decision Tree": 0.8776655931760815, "Pruning Decision Tree": 0.8967925842109844, "Logistic Regression": 0.8992296979719732, "Support Vector Machine": 0.8967925842109844, "K Nearest Neighbours": 0.8784707111149795, "Gaussina Naive Bayes": 0.8365175385151014, "XGBoost Classifier": 0.8985768996431369}, "3": {"Random Forest": 0.8836060579684916, "Decision Tree": 0.8769692749586561, "Pruning Decision Tree": 0.8967925842109844, "Logistic Regression": 0.8981634607015406, "Support Vector Machine": 0.8967925842109844, "K Nearest Neighbours": 0.878209591783445, "Gaussina Naive Bayes": 0.8327965880407346, "XGBoost Classifier": 0.897858821481417}, "4": {"Random Forest": 0.8836930977456697, "Decision Tree": 0.8756201584123945, "Pruning Decision Tree": 0.8967925842109844, "Logistic Regression": 0.8988815388632605, "Support Vector Machine": 0.8967925842109844, "K Nearest Neighbours": 0.8787100705022195, "Gaussina Naive Bayes": 0.834493863695709, "XGBoost Classifier": 0.8979676212028898}, "5": {"Random Forest": 0.8839106971886151, "Decision Tree": 0.8770780746801288, "Pruning Decision Tree": 0.8967708242666899, "Logistic Regression": 0.8982287405344243, "Support Vector Machine": 0.8967708242666899, "K Nearest Neighbours": 0.8770780746801288, "Gaussina Naive Bayes": 0.8378884150056576, "XGBoost Classifier": 0.8980546609800679}}